Description of metagenomic datasets. This table is from “AncientMetaGenomeDir” (https://github.com/SPAAM-community/AncientMetagenomeDir, AncientMetagenomeDir/ancientmetagenome-hostassociated/libraries/ancientmetagenome-ostassociated_libraries; https://doi.org/10.1038/s41597-021-00816-y):

project_name	publication_year	data_publication_doi	sample_name	archive	archive_project	archive_sample_accession	library_name	strand_type	library_polymerase	library_treatment	library_concentration	instrument_model	library_layout	library_strategy	read_count	archive_data_accession	download_links	download_md5s	download_sizes
FellowsYates2021	2021	10.1073/pnas.2021655118	GDN001.A	ENA	PRJEB34569	ERS3774436	GDN001.A0101	double	PfuTurbo Cx Hotstart DNA	none	125700	NextSeq 500	PAIRED	WGS	17248442	ERR3579752	ftp.sra.ebi.ac.uk/vol1/fastq/ERR357/002/ERR3579752/ERR3579752_1.fastq.gz;ftp.sra.ebi.ac.uk/vol1/fastq/ERR357/002/ERR3579752/ERR3579752_2.fastq.gz	382aac58bb1bdd4f996453216d204a81;6519871a022c455f6f8b3dbd69d4fe86	645201258;645980611
FellowsYates2021	2021	10.1073/pnas.2021655118	GDN001.B	ENA	PRJEB34569	ERS3774437	GDN001.B0101	double	PfuTurbo Cx Hotstart DNA	none	1016000	NextSeq 500	PAIRED	WGS	18199318	ERR3579753	ftp.sra.ebi.ac.uk/vol1/fastq/ERR357/003/ERR3579753/ERR3579753_1.fastq.gz;ftp.sra.ebi.ac.uk/vol1/fastq/ERR357/003/ERR3579753/ERR3579753_2.fastq.gz	628ef4e11651665942a740a1ba90eeff;7eddbc05499aa4f1aba6e179fcffa688	584335144;587414571
FellowsYates2021	2021	10.1073/pnas.2021655118	OAK001.A	ENA	PRJEB34569	ERS3774446	OAK001.A0101	double	PfuTurbo Cx Hotstart DNA	none	923900	NextSeq 500	PAIRED	WGS	18352049	ERR3579784	ftp.sra.ebi.ac.uk/vol1/fastq/ERR357/004/ERR3579784/ERR3579784_1.fastq.gz;ftp.sra.ebi.ac.uk/vol1/fastq/ERR357/004/ERR3579784/ERR3579784_2.fastq.gz	d87e5f58fe41de3c7fd59152a4bf6e94;bc8b8209b8d414eaf3f1dcae0583cc63	521403299;527421733
FellowsYates2021	2021	10.1073/pnas.2021655118	OAK003.A	ENA	PRJEB34569	ERS3774448	OAK003.A0101	double	PfuTurbo Cx Hotstart DNA	none	255000000	NextSeq 500	PAIRED	WGS	18801683	ERR3579787	ftp.sra.ebi.ac.uk/vol1/fastq/ERR357/007/ERR3579787/ERR3579787_1.fastq.gz;ftp.sra.ebi.ac.uk/vol1/fastq/ERR357/007/ERR3579787/ERR3579787_2.fastq.gz	75e7c12bdee849dfd7d2bffce60be4d9;77cb37ce44ed2b690892a6026ae8bfe2	676064415;688614477
FellowsYates2021	2021	10.1073/pnas.2021655118	OAK004.A	ENA	PRJEB34569	ERS3774449	OAK004.A0101	double	PfuTurbo Cx Hotstart DNA	none	14850000	NextSeq 500	PAIRED	WGS	17017373	ERR3579788	ftp.sra.ebi.ac.uk/vol1/fastq/ERR357/008/ERR3579788/ERR3579788_1.fastq.gz;ftp.sra.ebi.ac.uk/vol1/fastq/ERR357/008/ERR3579788/ERR3579788_2.fastq.gz	8ca70ae9640952c6df3e1874cfb9d8fc;9572c91cb58acb6bc8dcc3ea584845d2	562877291;576366208
FellowsYates2021	2021	10.1073/pnas.2021655118	OAK005.A	ENA	PRJEB34569	ERS3774450	OAK005.A0101	double	PfuTurbo Cx Hotstart DNA	none	234100000	NextSeq 500	PAIRED	WGS	18685938	ERR3579789	ftp.sra.ebi.ac.uk/vol1/fastq/ERR357/009/ERR3579789/ERR3579789_1.fastq.gz;ftp.sra.ebi.ac.uk/vol1/fastq/ERR357/009/ERR3579789/ERR3579789_2.fastq.gz	b2e860bd6ce5531b83ef548673dc95d2;ac142cd082e01d3c2959698117e15f9e	661949218;678327891
FellowsYates2021	2021	10.1073/pnas.2021655118	TAF008.B	ENA	PRJEB34569	ERS3774451	TAF008.B0101	double	PfuTurbo Cx Hotstart DNA	none	157600	NextSeq 500	PAIRED	WGS	13440295	ERR3579809	ftp.sra.ebi.ac.uk/vol1/fastq/ERR357/009/ERR3579809/ERR3579809_1.fastq.gz;ftp.sra.ebi.ac.uk/vol1/fastq/ERR357/009/ERR3579809/ERR3579809_2.fastq.gz	9a83da9e439685518ba8fa5a70b92576;121d9195b281d8ad3fa27a5c03392f66	467410964;476109330
FellowsYates2021	2021	10.1073/pnas.2021655118	TAF016.B	ENA	PRJEB34569	ERS3774452	TAF016.B0101	double	PfuTurbo Cx Hotstart DNA	none	10960	NextSeq 500	PAIRED	WGS	6018075	ERR3579811	ftp.sra.ebi.ac.uk/vol1/fastq/ERR357/001/ERR3579811/ERR3579811_1.fastq.gz;ftp.sra.ebi.ac.uk/vol1/fastq/ERR357/001/ERR3579811/ERR3579811_2.fastq.gz	88fcafef52bb2da6dd5a9670f34e14ad;0dd628ae869999c9f3179baea3107dbb	209789057;202924745
FellowsYates2021	2021	10.1073/pnas.2021655118	TAF017.A	ENA	PRJEB34569	ERS3774453	TAF017.A0101	double	PfuTurbo Cx Hotstart DNA	none	16770	NextSeq 500	PAIRED	WGS	8867815	ERR3579812	ftp.sra.ebi.ac.uk/vol1/fastq/ERR357/002/ERR3579812/ERR3579812_1.fastq.gz;ftp.sra.ebi.ac.uk/vol1/fastq/ERR357/002/ERR3579812/ERR3579812_2.fastq.gz	7b0f55769ab2947b153e4624bb90f58c;c329d409405f785dd6be00155b3fe400	260081602;250494412
FellowsYates2021	2021	10.1073/pnas.2021655118	TAF017.C	ENA	PRJEB34569	ERS3774454	TAF017.C0101	double	PfuTurbo Cx Hotstart DNA	none	11070000	NextSeq 500	PAIRED	WGS	3390842	ERR3579813	ftp.sra.ebi.ac.uk/vol1/fastq/ERR357/003/ERR3579813/ERR3579813_1.fastq.gz;ftp.sra.ebi.ac.uk/vol1/fastq/ERR357/003/ERR3579813/ERR3579813_2.fastq.gz	9bc07c56ba7f7f5e98dd273ef1c48815;c09a0c48105ff303775f774e67f1400b	106767925;108626831
FellowsYates2021	2021	10.1073/pnas.2021655118	TAF017.C	ENA	PRJEB34569	ERS3774454	TAF017.C0101	double	PfuTurbo Cx Hotstart DNA	none	11070000	NextSeq 500	PAIRED	WGS	3369663	ERR3579814	ftp.sra.ebi.ac.uk/vol1/fastq/ERR357/004/ERR3579814/ERR3579814_1.fastq.gz;ftp.sra.ebi.ac.uk/vol1/fastq/ERR357/004/ERR3579814/ERR3579814_2.fastq.gz	968dc7ad14319e9fbd5e079b9b9a5a59;bf552bb0458de396055bc2492e76a22e	102348055;103421628
FellowsYates2021	2021	10.1073/pnas.2021655118	TAF018.A	ENA	PRJEB34569	ERS3774456	TAF018.A0101	double	PfuTurbo Cx Hotstart DNA	none	31000	NextSeq 500	PAIRED	WGS	7815953	ERR3579817	ftp.sra.ebi.ac.uk/vol1/fastq/ERR357/007/ERR3579817/ERR3579817_1.fastq.gz;ftp.sra.ebi.ac.uk/vol1/fastq/ERR357/007/ERR3579817/ERR3579817_2.fastq.gz	9787c10d816b0c7759692e6d30399282;b2eb19e428db5a490961c0c7185e2b77	348606853;351583999
FellowsYates2021	2021	10.1073/pnas.2021655118	TAF018.B	ENA	PRJEB34569	ERS3774457	TAF018.B0101	double	PfuTurbo Cx Hotstart DNA	none	50150	NextSeq 500	PAIRED	WGS	7520684	ERR3579818	ftp.sra.ebi.ac.uk/vol1/fastq/ERR357/008/ERR3579818/ERR3579818_1.fastq.gz;ftp.sra.ebi.ac.uk/vol1/fastq/ERR357/008/ERR3579818/ERR3579818_2.fastq.gz	88647343a37d989e3fd168d7497f808d;8d9a080b5403bb3b05b90959120ff317	275192331;278604862
FellowsYates2021	2021	10.1073/pnas.2021655118	ECO002.B	ENA	PRJEB34569	ERS3774458	ECO002.B0101	double	PfuTurbo Cx Hotstart DNA	none	45540000	NextSeq 500	PAIRED	WGS	16398627	ERR3579728	ftp.sra.ebi.ac.uk/vol1/fastq/ERR357/008/ERR3579728/ERR3579728_1.fastq.gz;ftp.sra.ebi.ac.uk/vol1/fastq/ERR357/008/ERR3579728/ERR3579728_2.fastq.gz	97d6b535f3dc6b68fd7a989b16246513;a91ddd0cc8b740cb53d9311ffea3bde4	520828136;529883516
FellowsYates2021	2021	10.1073/pnas.2021655118	ECO002.C	ENA	PRJEB34569	ERS3774459	ECO002.C0101	double	PfuTurbo Cx Hotstart DNA	none	55360000	NextSeq 500	PAIRED	WGS	14038368	ERR3579730	ftp.sra.ebi.ac.uk/vol1/fastq/ERR357/000/ERR3579730/ERR3579730_1.fastq.gz;ftp.sra.ebi.ac.uk/vol1/fastq/ERR357/000/ERR3579730/ERR3579730_2.fastq.gz	8451686bb990e7494e80d8ece2696286;00428aead785f2bf931cdbe7dcbd2cd9	456780619;461184744
FellowsYates2021	2021	10.1073/pnas.2021655118	ECO004.B	ENA	PRJEB34569	ERS3774460	ECO004.B0101	double	PfuTurbo Cx Hotstart DNA	none	5760000	NextSeq 500	PAIRED	WGS	13625140	ERR3579731	ftp.sra.ebi.ac.uk/vol1/fastq/ERR357/001/ERR3579731/ERR3579731_1.fastq.gz;ftp.sra.ebi.ac.uk/vol1/fastq/ERR357/001/ERR3579731/ERR3579731_2.fastq.gz	700fa69f48b2d3dc357b754fabcfb37c;c2e0dd53c5b20050547b9c951f23e053	453262034;459185939
FellowsYates2021	2021	10.1073/pnas.2021655118	ECO004.C	ENA	PRJEB34569	ERS3774461	ECO004.C0101	double	PfuTurbo Cx Hotstart DNA	none	5088000	NextSeq 500	PAIRED	WGS	12486390	ERR3579733	ftp.sra.ebi.ac.uk/vol1/fastq/ERR357/003/ERR3579733/ERR3579733_1.fastq.gz;ftp.sra.ebi.ac.uk/vol1/fastq/ERR357/003/ERR3579733/ERR3579733_2.fastq.gz	308650c16beb1fa4648bcf56ed56ec72;4e90635dcfce9be8f625d9d883de3765	410870630;421746474
FellowsYates2021	2021	10.1073/pnas.2021655118	ECO006.B	ENA	PRJEB34569	ERS3774462	ECO006.B0101	double	PfuTurbo Cx Hotstart DNA	none	5513000	NextSeq 500	PAIRED	WGS	12187013	ERR3579734	ftp.sra.ebi.ac.uk/vol1/fastq/ERR357/004/ERR3579734/ERR3579734_1.fastq.gz;ftp.sra.ebi.ac.uk/vol1/fastq/ERR357/004/ERR3579734/ERR3579734_2.fastq.gz	84628a52fe7a01fbc01872d45dbfbb92;9671a3d7cbf2c79273b86551d0b84db9	455015557;482097267
FellowsYates2021	2021	10.1073/pnas.2021655118	ECO010.B	ENA	PRJEB34569	ERS3774463	ECO010.B0101	double	PfuTurbo Cx Hotstart DNA	none	148700000	NextSeq 500	PAIRED	WGS	15224970	ERR3579735	ftp.sra.ebi.ac.uk/vol1/fastq/ERR357/005/ERR3579735/ERR3579735_1.fastq.gz;ftp.sra.ebi.ac.uk/vol1/fastq/ERR357/005/ERR3579735/ERR3579735_2.fastq.gz	97ca35b27c8583844b644b4845421144;2d774aae6b08373138b90c389b8abb29	488834812;521644331
FellowsYates2021	2021	10.1073/pnas.2021655118	EMN001.A	ENA	PRJEB34569	ERS3774464	EMN001.A0101	double	PfuTurbo Cx Hotstart DNA	none	17440000	NextSeq 500	PAIRED	WGS	13336606	ERR3579736	ftp.sra.ebi.ac.uk/vol1/fastq/ERR357/006/ERR3579736/ERR3579736_1.fastq.gz;ftp.sra.ebi.ac.uk/vol1/fastq/ERR357/006/ERR3579736/ERR3579736_2.fastq.gz	2808b294826750238bcafc65baf861e7;c03a876bec28d9f83e1a32f455ac8955	533437937;543386208
